{
  "goalPost": {
    "type": "rect",
    "dimension": [15.238095238095237, 58.8235294117647],
    "direction": {
      "home": [0, 220.58823529411765],
      "away": [784.7619047619048, 220.58823529411765]
    }
  },
  "goalArea": {
    "type": "rect",
    "dimension": [45.71428571428571, 147.05882352941177],
    "direction": {
      "home": [0, 176.47058823529412],
      "away": [754.2857142857143, 176.47058823529412]
    }
  },
  "penaltyArea": {
    "type": "rect",
    "dimension": [137.14285714285714, 323.52941176470586],
    "direction": {
      "home": [0, 88.23529411764707],
      "away": [662.8571428571429, 88.23529411764707]
    }
  },
  "penaltySpot": {
    "type": "circle",
    "dimension": 91.42857142857142,
    "direction": {
      "home": [91.42857142857142, 250],
      "away": [708.5714285714286, 250]
    }
  },
  "penaltyArc": {
    "type": "path",
    "dimension": 76.19047619047619,
    "direction": {
      "home": "M 167.6190476190476 173.8095238095238\n         A 76.19047619047619 76.19047619047619 0 0 0\n           167.6190476190476 326.1904761904762",
      "away": "M 632.3809523809524 173.8095238095238\n         A 76.19047619047619 76.19047619047619 0 0 1\n           632.3809523809524 326.1904761904762"
    }
  },
  "cornerArc": {
    "type": "path",
    "dimension": 41.904761904761905,
    "direction": [
      "M 0 7.352941176470588 A 7.352941176470588 7.352941176470588 0 0 0 7.352941176470588 0",
      "M 792.6470588235294 0 A 7.352941176470588 7.352941176470588 0 0 0 800 7.352941176470588",
      "M 0 492.6470588235294 A 7.352941176470588 7.352941176470588 0 0 1 7.352941176470588 500",
      "M 792.6470588235294 500 A 7.352941176470588 7.352941176470588 0 0 1 800 492.6470588235294"
    ]
  },
  "halfWayLine": {
    "type": "line",
    "dimension": 500,
    "direction": {
      "x1": 400,
      "y1": 0,
      "x2": 400,
      "y2": 500
    }
  },
  "centerCircle": {
    "type": "circle",
    "dimension": 76.19047619047619,
    "direction": [400, 250]
  },
  "centerPoint": {
    "type": "circle",
    "dimension": 7.619047619047619,
    "direction": [400, 250]
  }
}
